company_name,platform,board_url,ok,status_code,final_url,elapsed_ms,error
10x Genomics,greenhouse,https://boards.greenhouse.io/10xgenomics,True,200,https://careers.10xgenomics.com/careers,5737,
Affirm,greenhouse,https://boards.greenhouse.io/affirm,True,200,https://job-boards.greenhouse.io/affirm,7704,
Agile Six,greenhouse,https://boards.greenhouse.io/agilesix,True,200,https://job-boards.greenhouse.io/agilesix,3557,
Airbnb,greenhouse,https://boards.greenhouse.io/airbnb,True,200,https://careers.airbnb.com/positions/,3795,
Airtable,greenhouse,https://boards.greenhouse.io/airtable,True,200,https://job-boards.greenhouse.io/airtable,5789,
Alchemy,greenhouse,https://boards.greenhouse.io/alchemy,True,200,https://job-boards.greenhouse.io/alchemy,4021,
Alma,greenhouse,https://boards.greenhouse.io/alma,True,200,https://job-boards.greenhouse.io/alma,4314,
Amplitude,greenhouse,https://boards.greenhouse.io/amplitude,True,200,https://job-boards.greenhouse.io/amplitude,6171,
Angi,greenhouse,https://boards.greenhouse.io/angi,True,200,https://job-boards.greenhouse.io/angi,5432,
Anthropic,greenhouse,https://boards.greenhouse.io/anthropic,True,200,https://job-boards.greenhouse.io/anthropic,5626,
Asana,greenhouse,https://boards.greenhouse.io/asana,True,200,https://asana.com/jobs,7297,
Beautiful.ai,greenhouse,https://boards.greenhouse.io/beautifulai,True,200,https://job-boards.greenhouse.io/beautifulai,4846,
Bird,greenhouse,https://boards.greenhouse.io/bird,True,200,https://www.bird.co/careers/,5474,
Brex,greenhouse,https://boards.greenhouse.io/brex,True,200,https://www.brex.com/careers,5882,
Buildkite,greenhouse,https://boards.greenhouse.io/buildkite,True,200,https://job-boards.greenhouse.io/buildkite,6742,
Carta,greenhouse,https://boards.greenhouse.io/carta,True,200,https://job-boards.greenhouse.io/carta,9797,
Censys,greenhouse,https://boards.greenhouse.io/censys,True,200,https://job-boards.greenhouse.io/censys,8912,
CircleCI,greenhouse,https://boards.greenhouse.io/circleci,True,200,https://circleci.com/careers/jobs/,10236,
Cloudflare,greenhouse,https://boards.greenhouse.io/cloudflare,True,200,https://www.cloudflare.com/careers/jobs/,10594,
Coinbase Developer Platform,greenhouse,https://boards.greenhouse.io/cdpjobs,True,200,https://job-boards.greenhouse.io/cdpjobs,450,
Consensys,greenhouse,https://boards.greenhouse.io/consensys,True,200,https://consensys.io/open-roles,1022,
Databricks,greenhouse,https://boards.greenhouse.io/databricks,True,200,https://www.databricks.com/company/careers/open-positions,10090,
Dataiku,greenhouse,https://boards.greenhouse.io/dataiku,True,200,https://job-boards.greenhouse.io/dataiku,359,
DeepMind,greenhouse,https://boards.greenhouse.io/deepmind,True,200,https://job-boards.greenhouse.io/deepmind,287,
Descript,greenhouse,https://boards.greenhouse.io/descript,True,200,https://www.descript.com/careers#open-position,8562,
Diligent Robotics,greenhouse,https://boards.greenhouse.io/diligentrobotics,True,200,https://job-boards.greenhouse.io/diligentrobotics,380,
Discord,greenhouse,https://boards.greenhouse.io/discord,True,200,https://job-boards.greenhouse.io/discord,447,
EarnIn,greenhouse,https://boards.greenhouse.io/earnin,True,200,https://job-boards.greenhouse.io/earnin,667,
Fastly,greenhouse,https://boards.greenhouse.io/fastly,True,200,https://www.fastly.com/about/careers/current-openings,512,
Figma,greenhouse,https://boards.greenhouse.io/figma,True,200,https://www.figma.com/careers/,545,
Fivetran,greenhouse,https://boards.greenhouse.io/fivetran,True,200,https://www.fivetran.com/careers,9433,
Flexport,greenhouse,https://boards.greenhouse.io/flexport,True,200,https://www.flexport.com/careers/jobs/,653,
Gemini,greenhouse,https://boards.greenhouse.io/gemini,True,200,https://www.gemini.com/careers,6281,
GitLab,greenhouse,https://boards.greenhouse.io/gitlab,True,200,https://job-boards.greenhouse.io/gitlab,13348,
Glance,greenhouse,https://boards.greenhouse.io/glance,True,200,https://job-boards.greenhouse.io/glance,461,
Glean,greenhouse,https://boards.greenhouse.io/gleanwork,True,200,https://job-boards.greenhouse.io/gleanwork,292,
GoDaddy,greenhouse,https://boards.greenhouse.io/godaddy,True,200,https://careers.godaddy/jobs/search,2297,
GoFundMe,greenhouse,https://boards.greenhouse.io/gofundme,True,200,https://job-boards.greenhouse.io/gofundme,429,
Grammarly,greenhouse,https://boards.greenhouse.io/grammarly,True,200,https://job-boards.greenhouse.io/grammarly,374,
Gusto,greenhouse,https://boards.greenhouse.io/gusto,True,200,https://job-boards.greenhouse.io/gusto,361,
Gympass,greenhouse,https://boards.greenhouse.io/gympass,True,200,https://job-boards.greenhouse.io/gympass,519,
Hover,greenhouse,https://boards.greenhouse.io/hover,True,200,https://hover.to/careers,844,
Inflection AI,greenhouse,https://boards.greenhouse.io/inflectionai,True,200,https://inflection.ai/about,914,
Instacart,greenhouse,https://boards.greenhouse.io/instacart,True,200,https://instacart.careers/current-openings/,2662,
Labelbox,greenhouse,https://boards.greenhouse.io/labelbox,True,200,https://job-boards.greenhouse.io/labelbox,5524,
Lattice,greenhouse,https://boards.greenhouse.io/lattice,True,200,https://lattice.com/careers,4704,
LaunchDarkly,greenhouse,https://boards.greenhouse.io/launchdarkly,True,200,https://job-boards.greenhouse.io/launchdarkly,353,
LivePerson,greenhouse,https://boards.greenhouse.io/liveperson,True,200,https://job-boards.greenhouse.io/liveperson,304,
Lyft,greenhouse,https://boards.greenhouse.io/lyft,True,200,https://www.lyft.com/careers,791,
Maven Clinic,greenhouse,https://boards.greenhouse.io/mavenclinic,True,200,https://job-boards.greenhouse.io/mavenclinic,5955,
MongoDB,greenhouse,https://boards.greenhouse.io/mongodb,True,200,https://www.mongodb.com/company/careers/teams,2946,
MyFitnessPal,greenhouse,https://boards.greenhouse.io/myfitnesspal,True,200,https://job-boards.greenhouse.io/myfitnesspal,264,
Netlify,greenhouse,https://boards.greenhouse.io/netlify,True,200,https://job-boards.greenhouse.io/netlify,285,
Nextdoor,greenhouse,https://boards.greenhouse.io/nextdoor,True,200,https://about.nextdoor.com/careers-list/,4722,
Octopus Deploy,greenhouse,https://boards.greenhouse.io/octopusdeploy,True,200,https://job-boards.greenhouse.io/octopusdeploy,4491,
OpenTable,greenhouse,https://boards.greenhouse.io/opentable,True,200,https://job-boards.greenhouse.io/opentable,305,
PDT Partners,greenhouse,https://boards.greenhouse.io/pdtpartners,True,200,https://job-boards.greenhouse.io/pdtpartners,4331,
Panther Labs,greenhouse,https://boards.greenhouse.io/pantherlabs,True,200,https://job-boards.greenhouse.io/pantherlabs,331,
PayPay,greenhouse,https://boards.greenhouse.io/paypay,True,200,https://job-boards.greenhouse.io/paypay,392,
PayPay Card,greenhouse,https://boards.greenhouse.io/paypaycard,True,200,https://job-boards.greenhouse.io/paypaycard,399,
PlanetScale,greenhouse,https://boards.greenhouse.io/planetscale,True,200,https://job-boards.greenhouse.io/planetscale,408,
Platform.sh,greenhouse,https://boards.greenhouse.io/platformsh,True,200,https://upsun.com/jobs/,1698,
Plume,greenhouse,https://boards.greenhouse.io/plume,True,200,https://www.plume.com/career-opportunities,1564,
Recursion,greenhouse,https://boards.greenhouse.io/recursionpharmaceuticals,True,200,https://job-boards.greenhouse.io/recursionpharmaceuticals,846,
Reddit,greenhouse,https://boards.greenhouse.io/reddit,True,200,https://job-boards.greenhouse.io/reddit,400,
Ripple,greenhouse,https://boards.greenhouse.io/ripple,True,200,https://ripple.com/careers/all-jobs/,4190,
Robinhood,greenhouse,https://boards.greenhouse.io/robinhood,True,200,https://careers.robinhood.com/,1040,
Scale AI,greenhouse,https://boards.greenhouse.io/scaleai,True,200,https://job-boards.greenhouse.io/scaleai,4508,
Seesaw,greenhouse,https://boards.greenhouse.io/seesaw,True,200,https://job-boards.greenhouse.io/seesaw,873,
Smartsheet,greenhouse,https://boards.greenhouse.io/smartsheet,True,200,https://job-boards.greenhouse.io/smartsheet,463,
Snorkel AI,greenhouse,https://boards.greenhouse.io/snorkelai,True,200,https://job-boards.greenhouse.io/snorkelai,546,
Stability AI,greenhouse,https://boards.greenhouse.io/stabilityai,True,200,https://stability.ai/careers,1476,
StackBlitz,greenhouse,https://boards.greenhouse.io/stackblitz,True,200,https://job-boards.greenhouse.io/stackblitz,2636,
StockX,greenhouse,https://boards.greenhouse.io/stockx,True,200,https://job-boards.greenhouse.io/stockx,789,
StoneCo.,greenhouse,https://boards.greenhouse.io/stone,True,200,https://job-boards.greenhouse.io/stone,983,
Stripe,greenhouse,https://boards.greenhouse.io/stripe,True,200,https://stripe.com/jobs/search,1609,
Sweetgreen,greenhouse,https://boards.greenhouse.io/sweetgreen,True,200,https://careers.sweetgreen.com/,4222,
Swish Analytics,greenhouse,https://boards.greenhouse.io/swishanalytics,True,200,https://job-boards.greenhouse.io/swishanalytics,523,
Tatari,greenhouse,https://boards.greenhouse.io/tatari,True,200,https://job-boards.greenhouse.io/tatari,2815,
Temporal,greenhouse,https://boards.greenhouse.io/temporal,True,200,https://job-boards.greenhouse.io/temporal,1660,
Thumbtack,greenhouse,https://boards.greenhouse.io/thumbtack,True,200,https://job-boards.greenhouse.io/thumbtack,491,
Toast,greenhouse,https://boards.greenhouse.io/toast,True,200,https://careers.toasttab.com/homepage,3710,
Veeam Software,greenhouse,https://boards.greenhouse.io/veeamsoftware,True,200,https://job-boards.greenhouse.io/veeamsoftware,553,
Vercel,greenhouse,https://boards.greenhouse.io/vercel,True,200,https://job-boards.greenhouse.io/vercel,278,
Veza Technologies,greenhouse,https://boards.greenhouse.io/veza,True,200,https://job-boards.greenhouse.io/veza,274,
Webflow,greenhouse,https://boards.greenhouse.io/webflow,True,200,https://job-boards.greenhouse.io/webflow,325,
adcouncil,greenhouse,https://boards.greenhouse.io/adcouncil,True,200,https://job-boards.greenhouse.io/adcouncil,309,
agwestfarmcredit,greenhouse,https://boards.greenhouse.io/agwestfarmcredit,True,200,https://job-boards.greenhouse.io/agwestfarmcredit,1340,
aloyoga,greenhouse,https://boards.greenhouse.io/aloyoga,True,200,https://www.aloyoga.com/pages/careers,806,
andurilindustries,greenhouse,https://boards.greenhouse.io/andurilindustries,True,200,https://www.anduril.com/open-roles,1442,
apptronik,greenhouse,https://boards.greenhouse.io/apptronik,True,200,https://apptronik.com/careers,1422,
arcesiumllc,greenhouse,https://boards.greenhouse.io/arcesiumllc,True,200,https://job-boards.greenhouse.io/arcesiumllc,649,
archer56,greenhouse,https://boards.greenhouse.io/archer56,True,200,https://job-boards.greenhouse.io/archer56,1729,
asteraearlycareer2026,greenhouse,https://boards.greenhouse.io/asteraearlycareer2026,True,200,https://job-boards.greenhouse.io/asteraearlycareer2026,4371,
astranis,greenhouse,https://boards.greenhouse.io/astranis,True,200,https://job-boards.greenhouse.io/astranis,721,
atlassand,greenhouse,https://boards.greenhouse.io/atlassand,True,200,https://job-boards.greenhouse.io/atlassand,1182,
audaxgroup,greenhouse,https://boards.greenhouse.io/audaxgroup,True,200,https://job-boards.greenhouse.io/audaxgroup,1574,
axsometherapeutics,greenhouse,https://boards.greenhouse.io/axsometherapeutics,True,200,https://job-boards.greenhouse.io/axsometherapeutics,1281,
bamboohr17,greenhouse,https://boards.greenhouse.io/bamboohr17,True,200,https://job-boards.greenhouse.io/bamboohr17,1305,
bandwidth,greenhouse,https://boards.greenhouse.io/bandwidth,True,200,https://job-boards.greenhouse.io/bandwidth,1508,
boxinc,greenhouse,https://boards.greenhouse.io/boxinc,True,200,https://job-boards.greenhouse.io/boxinc,1492,
breezeairways,greenhouse,https://boards.greenhouse.io/breezeairways,True,200,https://job-boards.greenhouse.io/breezeairways,1602,
celonis,greenhouse,https://boards.greenhouse.io/celonis,True,200,https://careers.celonis.com,2686,
checkr,greenhouse,https://boards.greenhouse.io/checkr,True,200,https://job-boards.greenhouse.io/checkr,1806,
clear,greenhouse,https://boards.greenhouse.io/clear,True,200,https://job-boards.greenhouse.io/clear,1582,
commvault,greenhouse,https://boards.greenhouse.io/commvault,True,200,https://job-boards.greenhouse.io/commvault,1693,
connerstrongbuckelew,greenhouse,https://boards.greenhouse.io/connerstrongbuckelew,True,200,https://job-boards.greenhouse.io/connerstrongbuckelew,1416,
corcepttherapeutics,greenhouse,https://boards.greenhouse.io/corcepttherapeutics,True,200,https://job-boards.greenhouse.io/corcepttherapeutics,1471,
cresta,greenhouse,https://boards.greenhouse.io/cresta,True,200,https://job-boards.greenhouse.io/cresta,1547,
didi,greenhouse,https://boards.greenhouse.io/didi,True,200,https://job-boards.greenhouse.io/didi,1674,
doordashusa,greenhouse,https://boards.greenhouse.io/doordashusa,True,200,https://job-boards.greenhouse.io/doordashusa,1912,
drweng,greenhouse,https://boards.greenhouse.io/drweng,True,200,https://job-boards.greenhouse.io/drweng,2115,
eventsandinterns,greenhouse,https://boards.greenhouse.io/eventsandinterns,True,200,https://job-boards.greenhouse.io/eventsandinterns,1771,
faire,greenhouse,https://boards.greenhouse.io/faire,True,200,https://www.faire.com/careers/openings,2520,
flagshippioneeringinc,greenhouse,https://boards.greenhouse.io/flagshippioneeringinc,True,200,https://www.flagshippioneering.com/join/roles,4474,
foleyhoag,greenhouse,https://boards.greenhouse.io/foleyhoag,True,200,https://job-boards.greenhouse.io/foleyhoag,2151,
fourhands,greenhouse,https://boards.greenhouse.io/fourhands,True,200,https://job-boards.greenhouse.io/fourhands,2073,
fsastorecom,greenhouse,https://boards.greenhouse.io/fsastorecom,True,200,https://job-boards.greenhouse.io/fsastorecom,1797,
galileofinancialtechnologies,greenhouse,https://boards.greenhouse.io/galileofinancialtechnologies,True,200,https://job-boards.greenhouse.io/galileofinancialtechnologies,1747,
gardacp,greenhouse,https://boards.greenhouse.io/gardacp,True,200,https://job-boards.greenhouse.io/gardacp,1761,
genies,greenhouse,https://boards.greenhouse.io/genies,True,200,https://job-boards.greenhouse.io/genies,1645,
glossgenius,greenhouse,https://boards.greenhouse.io/glossgenius,True,200,https://job-boards.greenhouse.io/glossgenius,1616,
graphcore,greenhouse,https://boards.greenhouse.io/graphcore,True,200,https://job-boards.greenhouse.io/graphcore,1613,
gsdm,greenhouse,https://boards.greenhouse.io/gsdm,True,200,https://job-boards.greenhouse.io/gsdm,1705,
harbingermotors,greenhouse,https://boards.greenhouse.io/harbingermotors,True,200,https://job-boards.greenhouse.io/harbingermotors,1966,
haven,greenhouse,https://boards.greenhouse.io/haven,True,200,https://job-boards.greenhouse.io/haven,1800,
heartflowinc,greenhouse,https://boards.greenhouse.io/heartflowinc,True,200,https://job-boards.greenhouse.io/heartflowinc,1805,
impinjexternal,greenhouse,https://boards.greenhouse.io/impinjexternal,True,200,https://job-boards.greenhouse.io/impinjexternal,2038,
internshiplist2000,greenhouse,https://boards.greenhouse.io/internshiplist2000,True,200,https://job-boards.greenhouse.io/internshiplist2000,2349,
intrinsicrobotics,greenhouse,https://boards.greenhouse.io/intrinsicrobotics,True,200,https://www.intrinsic.ai/careers#roles,3046,
ivxhealth,greenhouse,https://boards.greenhouse.io/ivxhealth,True,200,https://job-boards.greenhouse.io/ivxhealth,2701,
kairospower,greenhouse,https://boards.greenhouse.io/kairospower,True,200,https://job-boards.greenhouse.io/kairospower,2535,
klaviyocampus,greenhouse,https://boards.greenhouse.io/klaviyocampus,True,200,https://job-boards.greenhouse.io/klaviyocampus,1879,
krollbondratingagency,greenhouse,https://boards.greenhouse.io/krollbondratingagency,True,200,https://job-boards.greenhouse.io/krollbondratingagency,2524,
laskoproducts,greenhouse,https://boards.greenhouse.io/laskoproducts,True,200,https://job-boards.greenhouse.io/laskoproducts,2374,
legendcareers,greenhouse,https://boards.greenhouse.io/legendcareers,True,200,https://job-boards.greenhouse.io/legendcareers,2797,
matx,greenhouse,https://boards.greenhouse.io/matx,True,200,https://job-boards.greenhouse.io/matx,1511,
mcghealth,greenhouse,https://boards.greenhouse.io/mcghealth,True,200,https://job-boards.greenhouse.io/mcghealth,2338,
medicalinformaticsengineering,greenhouse,https://boards.greenhouse.io/medicalinformaticsengineering,True,200,https://job-boards.greenhouse.io/medicalinformaticsengineering,1682,
memic,greenhouse,https://boards.greenhouse.io/memic,True,200,https://job-boards.greenhouse.io/memic,1933,
modernizingmedicineinc,greenhouse,https://boards.greenhouse.io/modernizingmedicineinc,True,200,https://job-boards.greenhouse.io/modernizingmedicineinc,1770,
muonspace,greenhouse,https://boards.greenhouse.io/muonspace,True,200,https://job-boards.greenhouse.io/muonspace,2124,
newsbreak,greenhouse,https://boards.greenhouse.io/newsbreak,True,200,https://job-boards.greenhouse.io/newsbreak,1412,
nex,greenhouse,https://boards.greenhouse.io/nex,True,200,https://job-boards.greenhouse.io/nex,1561,
nisc,greenhouse,https://boards.greenhouse.io/nisc,True,200,https://job-boards.greenhouse.io/nisc,1054,
oceanx,greenhouse,https://boards.greenhouse.io/oceanx,True,200,https://job-boards.greenhouse.io/oceanx,1436,
olsson,greenhouse,https://boards.greenhouse.io/olsson,True,200,https://job-boards.greenhouse.io/olsson,1587,
otrcapital1,greenhouse,https://boards.greenhouse.io/otrcapital1,True,200,https://job-boards.greenhouse.io/otrcapital1,400,
pathward,greenhouse,https://boards.greenhouse.io/pathward,True,200,https://job-boards.greenhouse.io/pathward,733,
pmg,greenhouse,https://boards.greenhouse.io/pmg,True,200,https://job-boards.greenhouse.io/pmg,625,
prolaio,greenhouse,https://boards.greenhouse.io/prolaio,True,200,https://job-boards.greenhouse.io/prolaio,608,
purestorage,greenhouse,https://boards.greenhouse.io/purestorage,True,200,https://www.purestorage.com/company/careers/opportunities.html,1644,
rdccareers,greenhouse,https://boards.greenhouse.io/rdccareers,True,200,https://careers.realtor.com/job-search-results/,1951,
redwoodmaterials,greenhouse,https://boards.greenhouse.io/redwoodmaterials,True,200,https://www.redwoodmaterials.com/join/,1618,
relaypro,greenhouse,https://boards.greenhouse.io/relaypro,True,200,https://job-boards.greenhouse.io/relaypro,847,
rocketlab,greenhouse,https://boards.greenhouse.io/rocketlab,True,200,https://job-boards.greenhouse.io/rocketlab,1234,
ruggedrobotics,greenhouse,https://boards.greenhouse.io/ruggedrobotics,True,200,https://job-boards.greenhouse.io/ruggedrobotics,1032,
saltxc,greenhouse,https://boards.greenhouse.io/saltxc,True,200,https://job-boards.greenhouse.io/saltxc,1209,
samsungresearchamericainternship,greenhouse,https://boards.greenhouse.io/samsungresearchamericainternship,True,200,https://job-boards.greenhouse.io/samsungresearchamericainternship,1179,
samsungsemiconductor,greenhouse,https://boards.greenhouse.io/samsungsemiconductor,True,200,https://job-boards.greenhouse.io/samsungsemiconductor,1235,
sevenresearch,greenhouse,https://boards.greenhouse.io/sevenresearch,True,200,https://job-boards.greenhouse.io/sevenresearch,1208,
sharkninjaoperatingllc,greenhouse,https://boards.greenhouse.io/sharkninjaoperatingllc,True,200,https://job-boards.greenhouse.io/sharkninjaoperatingllc,1264,
sigmacomputing,greenhouse,https://boards.greenhouse.io/sigmacomputing,True,200,https://job-boards.greenhouse.io/sigmacomputing,1490,
silananotechnologies,greenhouse,https://boards.greenhouse.io/silananotechnologies,True,200,https://job-boards.greenhouse.io/silananotechnologies,1475,
skhynixamerica,greenhouse,https://boards.greenhouse.io/skhynixamerica,True,200,https://job-boards.greenhouse.io/skhynixamerica,1255,
sonyinteractiveentertainmentglobal,greenhouse,https://boards.greenhouse.io/sonyinteractiveentertainmentglobal,True,200,https://job-boards.greenhouse.io/sonyinteractiveentertainmentglobal,1318,
successkpiinc,greenhouse,https://boards.greenhouse.io/successkpiinc,True,200,https://job-boards.greenhouse.io/successkpiinc,1527,
systemstechnologyresearch,greenhouse,https://boards.greenhouse.io/systemstechnologyresearch,True,200,https://job-boards.greenhouse.io/systemstechnologyresearch,1347,
tenstorrentuniversity,greenhouse,https://boards.greenhouse.io/tenstorrentuniversity,True,200,https://job-boards.greenhouse.io/tenstorrentuniversity,1219,
testnisc,greenhouse,https://boards.greenhouse.io/testnisc,True,200,https://job-boards.greenhouse.io/testnisc,1820,
thetradedesk,greenhouse,https://boards.greenhouse.io/thetradedesk,True,200,https://job-boards.greenhouse.io/thetradedesk,1439,
theweathercompany,greenhouse,https://boards.greenhouse.io/theweathercompany,True,200,https://job-boards.greenhouse.io/theweathercompany,2867,
trueanomalyinc,greenhouse,https://boards.greenhouse.io/trueanomalyinc,True,200,https://job-boards.greenhouse.io/trueanomalyinc,1737,
truveta,greenhouse,https://boards.greenhouse.io/truveta,True,200,https://job-boards.greenhouse.io/truveta,1200,
twilio,greenhouse,https://boards.greenhouse.io/twilio,True,200,https://job-boards.greenhouse.io/twilio,1339,
twitch,greenhouse,https://boards.greenhouse.io/twitch,True,200,https://job-boards.greenhouse.io/twitch,1448,
twosixtechnologies,greenhouse,https://boards.greenhouse.io/twosixtechnologies,True,200,https://job-boards.greenhouse.io/twosixtechnologies,1272,
ultimagenomics,greenhouse,https://boards.greenhouse.io/ultimagenomics,True,200,https://job-boards.greenhouse.io/ultimagenomics,1069,
verisign,greenhouse,https://boards.greenhouse.io/verisign,True,200,https://job-boards.greenhouse.io/verisign,962,
verkada,greenhouse,https://boards.greenhouse.io/verkada,True,200,https://job-boards.greenhouse.io/verkada,948,
vianttechnology,greenhouse,https://boards.greenhouse.io/vianttechnology,True,200,https://job-boards.greenhouse.io/vianttechnology,1747,
virtru,greenhouse,https://boards.greenhouse.io/virtru,True,200,https://job-boards.greenhouse.io/virtru,1636,
visiersolutionsinc,greenhouse,https://boards.greenhouse.io/visiersolutionsinc,True,200,https://job-boards.greenhouse.io/visiersolutionsinc,1585,
vixxo,greenhouse,https://boards.greenhouse.io/vixxo,True,200,https://job-boards.greenhouse.io/vixxo,1445,
voyagertechnologiesinc,greenhouse,https://boards.greenhouse.io/voyagertechnologiesinc,True,200,https://job-boards.greenhouse.io/voyagertechnologiesinc,1603,
workato,greenhouse,https://boards.greenhouse.io/workato,True,200,https://job-boards.greenhouse.io/workato,1562,
xometry,greenhouse,https://boards.greenhouse.io/xometry,True,200,https://job-boards.greenhouse.io/xometry,1408,
xpengmotors,greenhouse,https://boards.greenhouse.io/xpengmotors,True,200,https://job-boards.greenhouse.io/xpengmotors,1309,
yesenergy,greenhouse,https://boards.greenhouse.io/yesenergy,True,200,https://job-boards.greenhouse.io/yesenergy,1287,
zocdoc,greenhouse,https://boards.greenhouse.io/zocdoc,True,200,https://job-boards.greenhouse.io/zocdoc,1612,
General Dynamics (corporate),icims,https://careers-generaldynamics.icims.com/jobs/intro,True,200,https://careers-generaldynamics.icims.com/jobs/intro,1002,
General Dynamics Mission Systems,icims,https://careers-gdgit.icims.com/jobs/intro,True,200,https://careers-gdgit.icims.com/jobs/intro,1002,
15Five,lever,https://jobs.lever.co/15five,True,200,https://jobs.lever.co/15five,1498,
Aledade,lever,https://jobs.lever.co/aledade,True,200,https://jobs.lever.co/aledade,1429,
Arcadia,lever,https://jobs.lever.co/arcadia,True,200,https://jobs.lever.co/arcadia,1487,
Business Wire,lever,https://jobs.lever.co/businesswire,True,200,https://jobs.lever.co/businesswire,1261,
CSC Generation,lever,https://jobs.lever.co/cscgeneration-2,True,200,https://jobs.lever.co/cscgeneration-2,1428,
CX2,lever,https://jobs.lever.co/cx2,True,200,https://jobs.lever.co/cx2,1048,
Cyngn,lever,https://jobs.lever.co/cyngn,True,200,https://jobs.lever.co/cyngn,640,
ERG,lever,https://jobs.lever.co/erg,True,200,https://jobs.lever.co/erg,627,
Fam,lever,https://jobs.lever.co/fampay,True,200,https://jobs.lever.co/fampay,755,
HHAeXchange,lever,https://jobs.lever.co/hhaexchange,True,200,https://jobs.lever.co/hhaexchange,633,
Latitude Inc,lever,https://jobs.lever.co/latitudeinc,True,200,https://jobs.lever.co/latitudeinc,814,
Lever,lever,https://jobs.lever.co/lever,True,200,https://jobs.lever.co/lever,485,
LogRocket,lever,https://jobs.lever.co/logrocket,True,200,https://jobs.lever.co/logrocket,292,
Musixmatch,lever,https://jobs.lever.co/musixmatch,True,200,https://jobs.lever.co/musixmatch,676,
Oowlish,lever,https://jobs.lever.co/oowlish,True,200,https://jobs.lever.co/oowlish,712,
Palantir,lever,https://jobs.lever.co/palantir,True,200,https://jobs.lever.co/palantir,1041,
PlayOn,lever,https://jobs.lever.co/playonsports,True,200,https://jobs.lever.co/playonsports,1395,
Prosper,lever,https://jobs.lever.co/prosper,True,200,https://jobs.lever.co/prosper,1264,
QuantumWorkplace,lever,https://jobs.lever.co/QuantumWorkplace,True,200,https://jobs.lever.co/QuantumWorkplace,1393,
Rarible,lever,https://jobs.lever.co/Rarible,True,200,https://jobs.lever.co/Rarible,1437,
Serotonin,lever,https://jobs.lever.co/serotonin,True,200,https://jobs.lever.co/serotonin,958,
Spruce,lever,https://jobs.lever.co/sprucesystems,True,200,https://jobs.lever.co/sprucesystems,628,
SymmetrySystems,lever,https://jobs.lever.co/SymmetrySystems,True,200,https://jobs.lever.co/SymmetrySystems,673,
TrackOFF,lever,https://jobs.lever.co/trackoff,True,200,https://jobs.lever.co/trackoff,709,
TriNet,lever,https://jobs.lever.co/trinet,True,200,https://jobs.lever.co/trinet,580,
Ubiminds,lever,https://jobs.lever.co/Ubiminds,True,200,https://jobs.lever.co/Ubiminds,652,
Valence,lever,https://jobs.lever.co/valence,True,200,https://jobs.lever.co/valence,6229,
Wave HQ,lever,https://jobs.lever.co/waveapps,True,200,https://jobs.lever.co/waveapps,1235,
Zartis,lever,https://jobs.lever.co/zartis,True,200,https://jobs.lever.co/zartis,1405,
analyticpartners,lever,https://jobs.lever.co/analyticpartners,True,200,https://jobs.lever.co/analyticpartners,1564,
convergentresearch,lever,https://jobs.lever.co/convergentresearch,True,200,https://jobs.lever.co/convergentresearch,1433,
ekimetrics,lever,https://jobs.lever.co/ekimetrics,True,200,https://jobs.lever.co/ekimetrics,1579,
elfbeauty,lever,https://jobs.lever.co/elfbeauty,True,200,https://jobs.lever.co/elfbeauty,2053,
eqbank,lever,https://jobs.lever.co/eqbank,True,200,https://jobs.lever.co/eqbank,1495,
esrtreit,lever,https://jobs.lever.co/esrtreit,True,200,https://jobs.lever.co/esrtreit,1565,
fehrandpeers,lever,https://jobs.lever.co/fehrandpeers,True,200,https://jobs.lever.co/fehrandpeers,1540,
fullscript,lever,https://jobs.lever.co/fullscript,True,200,https://jobs.lever.co/fullscript,1466,
kitware,lever,https://jobs.lever.co/kitware,True,200,https://jobs.lever.co/kitware,1178,
matchgroup,lever,https://jobs.lever.co/matchgroup,True,200,https://jobs.lever.co/matchgroup,1279,
parallelwireless,lever,https://jobs.lever.co/parallelwireless,True,200,https://jobs.lever.co/parallelwireless,1426,
pivotal,lever,https://jobs.lever.co/pivotal,True,200,https://jobs.lever.co/pivotal,1145,
questanalytics,lever,https://jobs.lever.co/questanalytics,True,200,https://jobs.lever.co/questanalytics,1415,
skyways,lever,https://jobs.lever.co/skyways,True,200,https://jobs.lever.co/skyways,1191,
spotify,lever,https://jobs.lever.co/spotify,True,200,https://jobs.lever.co/spotify,955,
steerbridge,lever,https://jobs.lever.co/steerbridge,True,200,https://jobs.lever.co/steerbridge,631,
telligen,lever,https://jobs.lever.co/telligen,True,200,https://jobs.lever.co/telligen,593,
tri,lever,https://jobs.lever.co/tri,True,200,https://jobs.lever.co/tri,748,
tutorintelligence,lever,https://jobs.lever.co/tutorintelligence,True,200,https://jobs.lever.co/tutorintelligence,804,
waabi,lever,https://jobs.lever.co/waabi,True,200,https://jobs.lever.co/waabi,662,
wadetrim,lever,https://jobs.lever.co/wadetrim,True,200,https://jobs.lever.co/wadetrim,527,
woven-by-toyota,lever,https://jobs.lever.co/woven-by-toyota,True,200,https://jobs.lever.co/woven-by-toyota,1079,
zoox,lever,https://jobs.lever.co/zoox,True,200,https://jobs.lever.co/zoox,5550,
APL,other,https://jhuapl.edu/careers,True,200,https://www.jhuapl.edu/careers,517,
Altamira Technologies,other,https://altamira.com/careers,True,200,https://altamira.com/careers,331,
AppDynamics Federal,other,https://appdynamics.com/federal/careers,True,200,https://www.splunk.com/en_us/appdynamics-joins-splunk.html?301=appdynamics,1182,
Aptima,other,https://aptima.com/careers,True,200,https://aptima.com/careers/,1044,
CSRA,other,https://www.csra.com/careers,True,200,https://www.gdit.com/careers/,730,
Charles Stark Draper Laboratory,other,https://draper.com/careers,True,200,https://www.draper.com/careers,1736,
Check Point Federal,other,https://checkpoint.com/federal/careers,True,200,https://www.checkpoint.com/careers/,1604,
General Atomics,other,https://ga-careers.com,True,200,https://www.ga.com/careers/,639,
Hortonworks Federal,other,https://hortonworks.com/federal/careers,True,200,https://www.cloudera.com/careers.html,814,
ICF,other,https://icf.com/careers,True,200,https://careers.icf.com/us/en,1813,
IDA,other,https://ida.org/careers,True,200,https://ida.org/careers,233,
KeyW Corporation,other,https://www.keywcorp.com/careers,True,200,https://www.keywcorp.com/careers/,663,
MITRE,other,https://careers.mitre.org,True,200,https://careers.mitre.org/us/en,774,
Mandiant,other,https://mandiant.com/careers,True,200,https://www.google.com/about/careers/applications/,1069,
New Light Technologies,other,https://newlighttechnologies.com/careers,True,200,https://newlighttechnologies.com/careers,284,
Noblis,other,https://careers.noblis.org,True,200,https://careers.noblis.org/home-page,996,
PAE,other,https://www.pae.com/careers,True,200,https://www.amentum.com/wp-signup.php?new=www.pae.com,1696,
SAIC,other,https://saicjobs.taleo.net/careersection/ex/jobsearch.ftl?lang=en,True,200,https://saicjobs.taleo.net/careersection/ex/mysubmissions.ftl?lang=en,329,
SRI International,other,https://sri.com/careers,True,200,https://www.sri.com/careers/,792,
Sierra Nevada Corporation,other,https://sncorp.com/careers,True,200,https://www.sncorp.com/careers,1048,
Three Wire Systems,other,https://threewiresystems.com/careers,True,200,https://www.hugedomains.com/domain_profile.cfm?d=threewiresystems.com,505,
TiER1 Performance,other,https://tier1performance.com/careers,True,200,https://tier1performance.com/careers/,569,
V2X,other,https://v2xglobal.com/careers,True,200,https://forsale.dynadot.com/v2xglobal.com?drefid=2071,1053,
Ventera Corporation,other,https://ventera.com/careers,True,200,https://ventera.com/careers/,1161,
Accenture Federal Services,smartrecruiters,https://careers.smartrecruiters.com/AccentureFederalServices,True,200,https://careers.smartrecruiters.com/AccentureFederalServices,786,
Apartments.com,smartrecruiters,https://jobs.smartrecruiters.com/Apartments,True,200,https://jobs.smartrecruiters.com,1630,
AppFolio,smartrecruiters,https://jobs.smartrecruiters.com/AppFolio,True,200,https://jobs.smartrecruiters.com,1561,
Bosch,smartrecruiters,https://jobs.smartrecruiters.com/Bosch,True,200,https://jobs.smartrecruiters.com,1815,
Buildium,smartrecruiters,https://jobs.smartrecruiters.com/Buildium,True,200,https://careers.smartrecruiters.com/Buildium,1363,
CoStar Group,smartrecruiters,https://jobs.smartrecruiters.com/CoStarGroup,True,200,https://jobs.smartrecruiters.com,1691,
Compass,smartrecruiters,https://jobs.smartrecruiters.com/Compass,True,200,https://careers.smartrecruiters.com/Compass,1436,
Criteo,smartrecruiters,https://jobs.smartrecruiters.com/Criteo,True,200,https://careers.smartrecruiters.com/Criteo,1533,
DC Office on Aging,smartrecruiters,https://careers.smartrecruiters.com/DCOfficeOnAging,True,200,https://careers.smartrecruiters.com/DCOfficeOnAging,705,
Docler Holding,smartrecruiters,https://jobs.smartrecruiters.com/doclerholding,True,200,https://jobs.smartrecruiters.com,1670,
Entrata,smartrecruiters,https://jobs.smartrecruiters.com/Entrata,True,200,https://jobs.smartrecruiters.com,1529,
Equinix,smartrecruiters,https://jobs.smartrecruiters.com/Equinix,True,200,https://jobs.smartrecruiters.com,1557,
Ikea,smartrecruiters,https://jobs.smartrecruiters.com/IKEA,True,200,https://jobs.smartrecruiters.com,1563,
LinkedIn,smartrecruiters,https://jobs.smartrecruiters.com/LinkedIn,True,200,https://jobs.smartrecruiters.com,1799,
MRI Software,smartrecruiters,https://jobs.smartrecruiters.com/MRISoftware,True,200,https://jobs.smartrecruiters.com,1633,
Miratech,smartrecruiters,https://jobs.smartrecruiters.com/Miratech1,True,200,https://careers.smartrecruiters.com/Miratech1,1209,
NielsenIQ,smartrecruiters,https://jobs.smartrecruiters.com/NielsenIQ,True,200,https://careers.smartrecruiters.com/NielsenIQ,1227,
Opendoor,smartrecruiters,https://jobs.smartrecruiters.com/Opendoor,True,200,https://jobs.smartrecruiters.com,1548,
Outbrain,smartrecruiters,https://jobs.smartrecruiters.com/Outbrain,True,200,https://careers.smartrecruiters.com/Outbrain,1565,
Palo Alto Networks,smartrecruiters,https://jobs.smartrecruiters.com/PaloAltoNetworks2,True,200,https://careers.smartrecruiters.com/PaloAltoNetworks2,1339,
Pandora,smartrecruiters,https://jobs.smartrecruiters.com/Pandora,True,200,https://jobs.smartrecruiters.com,1516,
RealPage,smartrecruiters,https://jobs.smartrecruiters.com/RealPage,True,200,https://jobs.smartrecruiters.com,1537,
Realtor.com,smartrecruiters,https://jobs.smartrecruiters.com/Realtor,True,200,https://jobs.smartrecruiters.com,1567,
Redfin,smartrecruiters,https://jobs.smartrecruiters.com/Redfin,True,200,https://careers.smartrecruiters.com/Redfin,1448,
Rent Manager,smartrecruiters,https://jobs.smartrecruiters.com/RentManager,True,200,https://jobs.smartrecruiters.com,1557,
ResMan,smartrecruiters,https://jobs.smartrecruiters.com/ResMan,True,200,https://jobs.smartrecruiters.com,1543,
Sephora,smartrecruiters,https://jobs.smartrecruiters.com/Sephora,True,200,https://careers.smartrecruiters.com/Sephora,1177,
ServiceNow,smartrecruiters,https://jobs.smartrecruiters.com/ServiceNow,True,200,https://careers.smartrecruiters.com/ServiceNow,1206,
Skechers,smartrecruiters,https://jobs.smartrecruiters.com/Skechers,True,200,https://jobs.smartrecruiters.com,1680,
SmartRecruiters,smartrecruiters,https://jobs.smartrecruiters.com/Dev2,True,200,https://careers.smartrecruiters.com/Dev2,1181,
Taboola,smartrecruiters,https://jobs.smartrecruiters.com/Taboola,True,200,https://jobs.smartrecruiters.com,1559,
Trade Desk,smartrecruiters,https://jobs.smartrecruiters.com/TheTradeDesk,True,200,https://jobs.smartrecruiters.com,1562,
Trulia,smartrecruiters,https://jobs.smartrecruiters.com/Trulia,True,200,https://careers.smartrecruiters.com/Trulia,1347,
Verizon Media,smartrecruiters,https://jobs.smartrecruiters.com/VerizonMedia,True,200,https://jobs.smartrecruiters.com,1533,
Versant,smartrecruiters,https://jobs.smartrecruiters.com/Versant3,True,200,https://careers.smartrecruiters.com/Versant3,1224,
Visa,smartrecruiters,https://jobs.smartrecruiters.com/Visa,True,200,https://careers.smartrecruiters.com/Visa,1354,
Yardi,smartrecruiters,https://jobs.smartrecruiters.com/Yardi,True,200,https://careers.smartrecruiters.com/Yardi,1187,
AT&T,workday,https://att.jobs,True,200,https://www.att.jobs/,421,
Abbott,workday,https://abbott.wd5.myworkdayjobs.com/abbottcareers,True,200,https://abbott.wd5.myworkdayjobs.com/abbottcareers,485,
Adidas,workday,https://careers.adidas-group.com,True,200,https://careers.adidas-group.com/,1314,
Allstate,workday,https://allstate.wd5.myworkdayjobs.com/Allstate_Careers,True,200,https://allstate.wd5.myworkdayjobs.com/Allstate_Careers,1746,
Amazon HQ2,workday,https://amazon.jobs,True,200,https://amazon.jobs/en/,542,
Baltimore City Government,workday,https://baltimorecity.wd1.myworkdayjobs.com/External,True,200,https://baltimorecity.wd1.myworkdayjobs.com/External,367,
Bank of America,workday,https://careers.bankofamerica.com,True,200,https://careers.bankofamerica.com/en-us,669,
Blue Origin,workday,https://blueorigin.wd5.myworkdayjobs.com/BlueOrigin,True,200,https://blueorigin.wd5.myworkdayjobs.com/BlueOrigin,623,
Boeing,workday,https://boeing.wd1.myworkdayjobs.com/EXTERNAL_CAREERS,True,200,https://boeing.wd1.myworkdayjobs.com/EXTERNAL_CAREERS,504,
Booz Allen Hamilton,workday,https://bah.wd1.myworkdayjobs.com/BAH_Jobs,True,200,https://bah.wd1.myworkdayjobs.com/BAH_Jobs,460,
CACI International,workday,https://caci.wd1.myworkdayjobs.com/External,True,200,https://caci.wd1.myworkdayjobs.com/External,418,
CVS Health,workday,https://jobs.cvshealth.com,True,200,https://jobs.cvshealth.com/us/en,893,
Capital One,workday,https://capitalone.wd12.myworkdayjobs.com/Capital_One,True,200,https://capitalone.wd12.myworkdayjobs.com/Capital_One,518,
Charter Communications,workday,https://jobs.spectrum.com,True,200,https://jobs.spectrum.com/,202,
Chevron,workday,https://chevron.wd5.myworkdayjobs.com/jobs,True,200,https://chevron.wd5.myworkdayjobs.com/jobs,504,
Cisco,workday,https://jobs.cisco.com,True,200,https://careers.cisco.com/global/en,894,
Citigroup,workday,https://citi.wd5.myworkdayjobs.com/2,True,200,https://citi.wd5.myworkdayjobs.com/2,650,
Comcast,workday,https://comcast.wd5.myworkdayjobs.com/Comcast_Careers,True,200,https://comcast.wd5.myworkdayjobs.com/Comcast_Careers,639,
Dell Technologies,workday,https://dell.wd1.myworkdayjobs.com/External,True,200,https://dell.wd1.myworkdayjobs.com/External,545,
Discover,workday,https://jobs.discover.com,True,200,https://www.capitalonecareers.com/discover,453,
Disney,workday,https://disney.wd5.myworkdayjobs.com/disneycareer,True,200,https://disney.wd5.myworkdayjobs.com/disneycareer,732,
Fannie Mae,workday,https://fanniemae.wd1.myworkdayjobs.com/FannieMaeCareers,True,200,https://fanniemae.wd1.myworkdayjobs.com/FannieMaeCareers,448,
FedEx,workday,https://careers.fedex.com,True,200,https://careers.fedex.com/,296,
Fidelity Investments,workday,https://fmr.wd1.myworkdayjobs.com/FidelityCareers,True,200,https://fmr.wd1.myworkdayjobs.com/FidelityCareers,769,
Freddie Mac,workday,https://freddiemac.wd5.myworkdayjobs.com/External,True,200,https://freddiemac.wd5.myworkdayjobs.com/External,731,
General Dynamics Information Technology (GDIT),workday,https://gdit.wd5.myworkdayjobs.com/External_Career_Site,True,200,https://gdit.wd5.myworkdayjobs.com/External_Career_Site,587,
Gilead Sciences,workday,https://gilead.wd1.myworkdayjobs.com/gileadcareers,True,200,https://gilead.wd1.myworkdayjobs.com/gileadcareers,462,
HP Inc,workday,https://hp.wd5.myworkdayjobs.com/ExternalCareerSite,True,200,https://hp.wd5.myworkdayjobs.com/ExternalCareerSite,548,
HPE,workday,https://careers.hpe.com,True,200,https://careers.hpe.com/us/en,1154,
HPE Federal,workday,https://careers.hpe.com/federal,True,200,https://careers.hpe.com/us/en,1053,
Home Depot,workday,https://careers.homedepot.com,True,200,https://careers.homedepot.com/,435,
Intel,workday,https://intel.wd1.myworkdayjobs.com/External,True,200,https://intel.wd1.myworkdayjobs.com/External,496,
JPMorgan Chase,workday,https://careers.jpmorgan.com,True,200,https://www.jpmorganchase.com/careers?redirect=careers_jpm,1281,
Kroger,workday,https://jobs.kroger.com,True,200,https://www.krogerfamilycareers.com/en/sites/CX_2001,1081,
Leidos,workday,https://leidos.wd5.myworkdayjobs.com/External,True,200,https://leidos.wd5.myworkdayjobs.com/External,623,
Mastercard,workday,https://mastercard.wd1.myworkdayjobs.com/CorporateCareers,True,200,https://mastercard.wd1.myworkdayjobs.com/CorporateCareers,391,
McKesson,workday,https://mckesson.wd3.myworkdayjobs.com/External_Careers,True,200,https://mckesson.wd3.myworkdayjobs.com/External_Careers,756,
Mondelez,workday,https://mdlz.wd3.myworkdayjobs.com/External,True,200,https://mdlz.wd3.myworkdayjobs.com/External,627,
NVIDIA,workday,https://nvidia.wd5.myworkdayjobs.com/NVIDIAExternalCareerSite,True,200,https://nvidia.wd5.myworkdayjobs.com/NVIDIAExternalCareerSite,669,
Nordstrom,workday,https://careers.nordstrom.com,True,200,https://careers.nordstrom.com/,295,
Northrop Grumman,workday,https://ngc.wd1.myworkdayjobs.com/Northrop_Grumman_External_Site,True,200,https://ngc.wd1.myworkdayjobs.com/Northrop_Grumman_External_Site,462,
Parsons Corporation,workday,https://parsons.wd5.myworkdayjobs.com/Search,True,200,https://parsons.wd5.myworkdayjobs.com/Search,526,
SEL,workday,https://selinc.wd1.myworkdayjobs.com/SEL,True,200,https://selinc.wd1.myworkdayjobs.com/SEL,411,
Salesforce,workday,https://salesforce.wd12.myworkdayjobs.com/External_Career_Site,True,200,https://salesforce.wd12.myworkdayjobs.com/External_Career_Site,533,
Southwest Airlines,workday,https://swa.wd1.myworkdayjobs.com/external,True,200,https://swa.wd1.myworkdayjobs.com/external,388,
Target,workday,https://target.wd5.myworkdayjobs.com/targetcareers,True,200,https://target.wd5.myworkdayjobs.com/targetcareers,568,
UnitedHealth Group,workday,https://careers.unitedhealthgroup.com,True,200,https://www.unitedhealthgroup.com/careers/en/work.html,243,
Walgreens,workday,https://jobs.walgreens.com,True,200,https://jobs.walgreens.com/en,310,
Walmart,workday,https://careers.walmart.com,True,200,https://careers.walmart.com/us/en/home,801,
Workday,workday,https://workday.wd5.myworkdayjobs.com/Workday,True,200,https://workday.wd5.myworkdayjobs.com/Workday,755,
