company_name,platform,board_url
Greenlight,lever,https://jobs.lever.co/greenlight
Imo Online,lever,https://jobs.lever.co/imo-online
Go Cloudforce,lever,https://jobs.lever.co/go-cloudforce
Field Ai,lever,https://jobs.lever.co/field-ai
Ivo,lever,https://jobs.lever.co/ivo
Nobullproject,lever,https://jobs.lever.co/nobullproject
Clovirtualfashion,lever,https://jobs.lever.co/clovirtualfashion
Lendbuzz,lever,https://jobs.lever.co/lendbuzz
Beta,lever,https://jobs.lever.co/beta
Rigetti,lever,https://jobs.lever.co/rigetti
Sanctuary,lever,https://jobs.lever.co/sanctuary
Dodmg,lever,https://jobs.lever.co/dodmg
Actian,lever,https://jobs.lever.co/actian
Hermeus,lever,https://jobs.lever.co/hermeus
Solopulseco,lever,https://jobs.lever.co/solopulseco
Octoenergy,lever,https://jobs.lever.co/octoenergy
Multiplylabs,lever,https://jobs.lever.co/multiplylabs
Tahoebio Ai,lever,https://jobs.lever.co/tahoebio-ai
Revefi,lever,https://jobs.lever.co/revefi
Redwoodcu,lever,https://jobs.lever.co/redwoodcu
Whoop,lever,https://jobs.lever.co/whoop
Pingwind,lever,https://jobs.lever.co/pingwind
Shieldai,lever,https://jobs.lever.co/shieldai
Saronic,lever,https://jobs.lever.co/saronic
Teleo,lever,https://jobs.lever.co/teleo
Wyetechllc,lever,https://jobs.lever.co/wyetechllc
Hannaandersson,lever,https://jobs.lever.co/hannaandersson
Sambatv,lever,https://jobs.lever.co/sambatv
Openx,lever,https://jobs.lever.co/openx
Weride,lever,https://jobs.lever.co/weride
